Series Name,Series Code,Country Name,Country Code,1990 [YR1990],2000 [YR2000],2013 [YR2013],2014 [YR2014],2015 [YR2015],2016 [YR2016],2017 [YR2017],2018 [YR2018],2019 [YR2019],2020 [YR2020],2021 [YR2021],2022 [YR2022]
GDP (current US$),NY.GDP.MKTP.CD,Afghanistan,AFG,..,..,20146416876.3886,20497128600.3363,19134221744.5294,18116572399.1298,18753456506.5708,18053222734.8881,18799444414.5998,19955929060.841,14266499429.8746,..
GDP (current US$),NY.GDP.MKTP.CD,Albania,ALB,2028553750,3480355258.04122,12776224496.9718,13228147516.1168,11386853113.0189,11861199830.8396,13019726211.7369,15156424015.1977,15401826127.2539,15162734205.2462,17930565118.8176,18916378860.5488
GDP (current US$),NY.GDP.MKTP.CD,Algeria,DZA,62048507531.3357,54790398570.3282,209755003250.664,213809979836.314,165979224866.131,160034212126.018,170096988531.906,174910684781.571,171760275466.61,145743542982.628,163472387986.768,194998449769.085
GDP (current US$),NY.GDP.MKTP.CD,American Samoa,ASM,..,..,638000000,643000000,673000000,671000000,612000000,639000000,647000000,721000000,750000000,871000000
GDP (current US$),NY.GDP.MKTP.CD,Andorra,AND,1028989692.06787,1429047881.84275,3193513470.43941,3271686452.47686,2789882569.1005,2896611878.6258,3000160414.63795,3218418631.67579,3155150255.91195,2891002460.29153,3325143693.28714,3352031094.22914
GDP (current US$),NY.GDP.MKTP.CD,Angola,AGO,11236275842.8094,9129594815.57661,132339108708.408,135966802156.542,90496420626.179,52761617225.9253,73690155046.555,79450688232.0011,70897962712.6213,48501561230.001,66505129989.243,106782770714.619
GDP (current US$),NY.GDP.MKTP.CD,Antigua and Barbuda,ATG,459470370.37037,826370370.37037,1325425925.92593,1378829629.62963,1437755555.55556,1489692592.59259,1531151851.85185,1661529629.62963,1725351851.85185,1410796296.2963,1601366666.66667,1867733333.33333
GDP (current US$),NY.GDP.MKTP.CD,Argentina,ARG,141352654305.163,284203750000,552025140252.246,526319673731.638,594749285413.212,557532320662.955,643628393281.364,524819892360.176,447754683615.225,385740508436.965,487902572164.348,631133384439.944
GDP (current US$),NY.GDP.MKTP.CD,Armenia,ARM,2256863448.77086,1911563668.85006,11121464437.0415,11609513246.7958,10553337518.414,10546136235.5219,11527458709.0158,12457940694.7395,13619290539.2116,12641698583.2152,13878908628.9378,19513474648.2429
GDP (current US$),NY.GDP.MKTP.CD,Aruba,ABW,764804469.273743,1873452513.96648,2727849720.67039,2790849720.67039,2962907262.56983,2983635195.53073,3092429050.27933,3276184357.5419,3395798882.68156,2558906303.88098,3103184101.51354,3544707788.05664
GDP (current US$),NY.GDP.MKTP.CD,Australia,AUS,311420509067.628,416167815092.908,1577301840200.01,1468597690006.22,1351768945139.11,1207580901578.72,1326882104817,1429733668185.91,1394671325960.57,1330381544909.3,1559033756285.13,1692956646855.7
GDP (current US$),NY.GDP.MKTP.CD,Austria,AUT,166463386179.354,197289625479.906,430190979705.962,442584815286.034,381971148530.543,395837353031.499,417261151844.977,454991174096.102,444596155845.254,435049316955.737,479295362747.047,470941926750.741
GDP (current US$),NY.GDP.MKTP.CD,Azerbaijan,AZE,8884848484.84848,5272615722.96892,74160560123.6902,75239785452.1022,53076235354.746,37866996882.9157,40866627351.9817,47112470051.7701,48174235294.1176,42693000000,54825411764.7059,78721058823.5294
GDP (current US$),NY.GDP.MKTP.CD,"Bahamas, The",BHS,3166000000,8076470000,10395500000,10974800000,11672900000,11750800000,12253500000,12653600000,13058700000,9754600000,11527600000,12897400000
GDP (current US$),NY.GDP.MKTP.CD,Bahrain,BHR,4229787234.04255,9062898936.17021,32539468085.1064,33387712765.9574,31050638297.8723,32234973404.2553,35473776595.7447,37802005319.1489,38653318085.1064,34621807712.766,39288670212.766,44383297872.3404
GDP (current US$),NY.GDP.MKTP.CD,Bangladesh,BGD,31598340778.2164,53369787318.6245,149990529836.78,172885432686.945,195078573252.202,265236390328.627,293754781336,321379127909.353,351238399005.451,373902197869.16,416264800549.026,460201265527.977
GDP (current US$),NY.GDP.MKTP.CD,Barbados,BRB,2012131457.26644,3059500000,4685550000,4707600000,4734000000,4843300000,4992300000,5110250000,5341100000,4738800000,4923100000,5699950000
GDP (current US$),NY.GDP.MKTP.CD,Belarus,BLR,..,12736780455.1539,75527558966.4473,78812805039.0743,56454889146.6088,47723545321.259,54725302249.8088,60031173807.7196,64410122847.3508,61371755326.2351,69673747131.87,72793457588.4367
GDP (current US$),NY.GDP.MKTP.CD,Belgium,BEL,205331747947.851,236792460312.471,521791015247.06,535390200131.018,462335574841.484,476062757356.927,502764720556.354,543299066998.902,535865804349.803,526264230147.394,600748812601.541,583435595579.963
GDP (current US$),NY.GDP.MKTP.CD,Belize,BLZ,545686365.523175,1134756760.62071,2021757434.18064,2125125606.25723,2194709309.24204,2240593542.9757,2266664817.08822,2292787335.62452,2386792476.10637,2047727810.06777,2424575179.3783,2830507575.6841
GDP (current US$),NY.GDP.MKTP.CD,Benin,BEN,1959965330.14765,3519991440.47913,12517845123.9315,13284527846.9081,11388160997.1089,11821065852.1271,12701655845.9612,14262408079.7014,14390708756.988,15686741893.5187,17687623534.6665,17396792699.5489
GDP (current US$),NY.GDP.MKTP.CD,Bermuda,BMU,1592400000,3480219000,6465756000,6413988000,6654541000,6899911000,7142316000,7225977000,7423465000,6887147000,7127200000,7546000000
GDP (current US$),NY.GDP.MKTP.CD,Bhutan,BTN,287765007.10715,424448931.007248,1756214316.41385,1907090375.97776,2003596838.78013,2158971711.31564,2591358114.48376,2583335723.83252,2735683408.71698,2457604042.76364,2768003872.54065,..
GDP (current US$),NY.GDP.MKTP.CD,Bolivia,BOL,4867582597.52327,8397855484.76908,30659338885.6729,32996188017.3661,33000198248.9146,33941126193.9219,37508642170.767,40287647930.5355,40895322850.9407,36629843806.0781,40406111695.179,44008282877.9606
GDP (current US$),NY.GDP.MKTP.CD,Bosnia and Herzegovina,BIH,..,5567772768.81188,18179108530.5261,18558733564.4692,16404348871.4437,17116926327.6247,18326373366.1105,20484053868.9246,20482608755.379,20226036564.4129,23649568276.8447,24473906673.7086
GDP (current US$),NY.GDP.MKTP.CD,Botswana,BWA,3790636324.44775,5788329609.15755,14271738933.2042,15470088500.7414,13530748844.505,15082636722.902,16105156375.533,17031943186.1353,16725908666.8462,14960291541.176,18737066311.1597,20355541962.8512
GDP (current US$),NY.GDP.MKTP.CD,Brazil,BRA,461951781818.18,655448231983.527,2472819535742.73,2456043727198.85,1802212206904.68,1795693482652.52,2063514977334.32,1916933898038.36,1873288205186.45,1476107231194.11,1649622821885.14,1920095779022.73
GDP (current US$),NY.GDP.MKTP.CD,British Virgin Islands,VGB,..,..,..,..,..,..,..,..,..,..,..,..
GDP (current US$),NY.GDP.MKTP.CD,Brunei Darussalam,BRN,3520487626.98389,6001282104.08228,18094321616.7959,17097802752.8728,12930291487.9581,11400466356.3898,12128183904.4501,13566937673.7966,13469235364.7032,12005799653.9835,14006496617.4458,16681536466.7183
GDP (current US$),NY.GDP.MKTP.CD,Bulgaria,BGR,20632090909.0909,13245990274.4581,55852123989.9504,57157782909.9307,50811995688.6771,53964253211.84,59309748166.1179,66370132238.3914,68881010245.5498,70368758395.141,84041493015.6618,90346169914.9349
GDP (current US$),NY.GDP.MKTP.CD,Burkina Faso,BFA,3101300778.56414,2968370087.59759,13444300485.8412,13943016076.7436,11832159315.6298,12833363045.3367,14106955615.3442,15890066221.2882,16032813501.6639,17725010530.7894,19642668879.7694,18820064797.8379
GDP (current US$),NY.GDP.MKTP.CD,Burundi,BDI,1132101252.51817,870486065.883137,2451606632.29246,2705783329.80483,3104003546.26497,2644487776.50077,2723586962.84034,2667182199.51333,2576518879.82353,2649680261.43998,2775798697.47186,3338722827.66241
GDP (current US$),NY.GDP.MKTP.CD,Cabo Verde,CPV,306890962.649533,539227277.626411,2028910915.16446,2041930125.42979,1749857620.35329,1849789985.99572,1996741539.95088,2205099506.99994,2252177124.32402,1821565613.68613,1997866378.77119,2226862134.08787
GDP (current US$),NY.GDP.MKTP.CD,Cambodia,KHM,..,3654031716.39855,15227991395.1207,16702610842.3529,18049954289.4721,20016747857.6367,22177200588.1826,24571753583.3935,27089390032.798,25872797891.7664,26961061151.7337,29504829319.3169
GDP (current US$),NY.GDP.MKTP.CD,Cameroon,CMR,12314482627.8454,10566579294.9831,33728621180.3231,36386544706.0806,32210233020.4569,33814337044.3765,36098547033.1655,39973842087.2242,39670976452.5283,40773241177.0505,44993521774.066,43644068310.851
GDP (current US$),NY.GDP.MKTP.CD,Canada,CAN,596075591360.987,744773415931.587,1846597421834.98,1805749878439.94,1556508816217.14,1527994741907.43,1649265644244.09,1725329192783.02,1743725183672.52,1655684730000.19,2007472181464.15,2161483369422.01
GDP (current US$),NY.GDP.MKTP.CD,Cayman Islands,CYM,..,..,4405796023.18409,4562853611.41445,4708167232.66893,4909322237.28895,5166281305.12522,5530178440.71376,5941896607.58643,5647224988.89996,6028373513.49405,6844827379.30952
GDP (current US$),NY.GDP.MKTP.CD,Central African Republic,CAF,1440711459.16967,916777282.691659,1691544110.18543,1894813389.40325,1695825714.19282,1825018144.65595,2072349972.6818,2220979146.11241,2221301351.43918,2326720900.38047,2516498412.46384,2382618615.01694
GDP (current US$),NY.GDP.MKTP.CD,Chad,TCD,1738605557.76313,1388506771.58756,12953534866.4286,13940767218.5849,10950392256.9543,10097778098.1707,10000394381.0177,11239167898.3395,11314951091.7283,10715396042.3343,11779981332.8631,12704149840.2283
GDP (current US$),NY.GDP.MKTP.CD,Channel Islands,CHI,..,6439703434.71024,..,..,..,9511207129.35458,9530244530.24453,10422948632.4216,10381669645.1366,9811538461.53846,11735662219.7772,..
GDP (current US$),NY.GDP.MKTP.CD,Chile,CHL,33137824752.7724,78339750717.0395,277395018674.682,259560978407.095,242450355827.827,249344864067.964,276154259806.312,295857562826.427,278598887622.96,254258196269.735,316581155648.871,301024724911.923
GDP (current US$),NY.GDP.MKTP.CD,China,CHN,394565747349.055,1211331651829.85,9570471111847.82,10475624944290.1,11061572618594.8,11233313730288.5,12310491333980.9,13894907857925.9,14279968506242.8,14687744162801,17820459508852.2,17963171479205.3
GDP (current US$),NY.GDP.MKTP.CD,Colombia,COL,47844090709.9908,99875074951.0278,382093697077.685,381240864422.407,293492370228.844,282720100286.228,311866875135.578,334198218100.719,323031701210.765,270150956772.57,318511813576.97,343622114560.409
GDP (current US$),NY.GDP.MKTP.CD,Comoros,COM,429622177.724885,351136579.648632,1116224107.17116,1149587659.74502,966029599.801228,1012835492.51575,1077439756.12221,1188797449.96029,1195019531.03664,1225039195.93742,1296089479.45831,1242519407.27815
GDP (current US$),NY.GDP.MKTP.CD,"Congo, Dem. Rep.",COD,9329305477.5,19088046305.7971,32679745048.4427,35909040925.9375,37917706497.1793,37134801555.3322,38019264794.8263,47568210009.8172,51775829877.2088,48716961860.1325,55328482783.5393,64718641221.216
GDP (current US$),NY.GDP.MKTP.CD,"Congo, Rep.",COG,2798746050.11354,3227927697.57921,17958720699.0868,17919224179.5609,12434829581.0287,10931247264.8116,11834406800.8818,14773806078.1348,13976661497.841,11468608530.2038,14825708810.7046,15816996654.5788
GDP (current US$),NY.GDP.MKTP.CD,Costa Rica,CRI,5711687786.75989,15013629658.6521,50949668840.8692,52016408951.8225,56441920821.0806,58847019609.6549,60516044657.2254,62420164991.5374,64417670521.1842,62395610760.3912,64960725734.2362,69243626028.6696
GDP (current US$),NY.GDP.MKTP.CD,Cote d'Ivoire,CIV,10795850584.5874,16577533891.1783,42760235497.5958,48843005625.5796,45815005170.815,48407761031.9226,52512344033.7688,58522477744.5444,59898479821.2323,62982768371.6208,71811075955.078,70018715016.8293
GDP (current US$),NY.GDP.MKTP.CD,Croatia,HRV,..,22128719418.4376,59491066217.9088,59342363988.804,50857353544.2847,52512987755.9635,56061675144.3829,61481309636.1289,61470295887.8384,57760024673.9359,69081236641.2469,71600049650.195
GDP (current US$),NY.GDP.MKTP.CD,Cuba,CUB,28645436569.1489,30565400000,77148000000,80656100000,87132800000,91370407863.7,96850649691.7406,100050036096.123,103427600000,107351800000,..,..
GDP (current US$),NY.GDP.MKTP.CD,Curacao,CUW,..,..,3033568606.16651,3059406995.39666,3058779211.89831,3024690188.01683,3033433248.15988,3046364819.53197,3026124115.73275,2534327592.49914,2739594359.5908,3075180834.72417
GDP (current US$),NY.GDP.MKTP.CD,Cyprus,CYP,5591130217.66965,9985844486.33365,23899444182.51,23155988617.4023,19842492366.5477,20952955488.0836,22870678689.4802,25523485042.6265,25947027570.4262,25227201184.2295,29482917678.8954,29250524418.0855
GDP (current US$),NY.GDP.MKTP.CD,Czechia,CZE,40728950704.6176,61828166496.0941,211685616592.931,209358834156.329,188033050459.881,196272068576.338,218628940951.675,249000540729.179,252548179964.897,245974558654.043,281791218507.1,290565654835.809
GDP (current US$),NY.GDP.MKTP.CD,Denmark,DNK,138247285815.855,164158739097.623,343584391647.927,352993631617.708,302673070846.857,313115929314.339,332121063806.391,356841216410.068,346498737961.635,354762748338.661,405687998852.691,400167196948.707
GDP (current US$),NY.GDP.MKTP.CD,Djibouti,DJI,452328087.282876,551230861.856505,2042817162.85639,2214679081.25658,2424391785.43897,2604955228.70117,2762581334.22612,2913466732.12507,3088853638.56832,3185150981.03207,3385825228.86997,3515108859.95465
GDP (current US$),NY.GDP.MKTP.CD,Dominica,DMA,201429629.62963,333470370.37037,498296296.296296,520429629.62963,540737037.037037,576229629.62963,521551851.851852,554770370.37037,611537037.037037,504214814.814815,555266666.666667,607440740.740741
GDP (current US$),NY.GDP.MKTP.CD,Dominican Republic,DOM,7073675544.79021,24305780628.6677,62682159338.0354,67179955677.2791,71164826836.5281,75704647877.6559,79998046305.79,85555390139.118,88941372558.2397,78844656298.1776,94243425938.3647,113537368176.13
GDP (current US$),NY.GDP.MKTP.CD,Ecuador,ECU,15239272611.5809,18327764882.4412,95129659000,101726331000,99290381000,99937696000,104295862000,107562008000,108108009000,99291124000,106165866000,115049476000
GDP (current US$),NY.GDP.MKTP.CD,"Egypt, Arab Rep.",EGY,42978914311.3504,99838543960.0763,288434108527.132,305595408895.265,329366576819.407,332441717791.411,248362771739.13,262588632526.73,318678815489.749,383817841547.099,424671765455.704,476747720364.742
GDP (current US$),NY.GDP.MKTP.CD,El Salvador,SLV,4817542204,11784927700,21990960000,22593470000,23438240000,24191430000,24979190000,26020850000,26881140000,24930080000,29451240000,32488720000
GDP (current US$),NY.GDP.MKTP.CD,Equatorial Guinea,GNQ,112119411.489965,1045998496.43872,21948834283.7856,21765453081.9826,13185496881.4055,11240808846.6928,12200913887.6419,13097012124.2267,11364133546.2488,9893816016.147,12104994084.4108,12029633746.519
GDP (current US$),NY.GDP.MKTP.CD,Eritrea,ERI,..,706370815.584416,..,..,..,..,..,..,..,..,..,..
GDP (current US$),NY.GDP.MKTP.CD,Estonia,EST,..,5686579747.53524,25115753366.1114,26634083965.0987,22890762090.1508,24072829276.7744,26924385103.0659,30624720196.229,31081901909.2156,31370395572.7658,37191166151.98,38100812958.5196
GDP (current US$),NY.GDP.MKTP.CD,Eswatini,SWZ,1114694040.66987,1738093840.36607,4597552981.56738,4422986271.74767,4063245671.29285,3816019193.16561,4402969225.92165,4666598024.18411,4466214591.14854,3982236692.55236,4850842571.59151,4790922065.6101
GDP (current US$),NY.GDP.MKTP.CD,Ethiopia,ETH,12175166763.285,8242349617.8638,47648276605.0123,55612228233.5179,64589328550.5953,74296745207.8721,81770886825.6048,84269196625.8784,95912607722.3032,107657734392.446,111261882958.426,126783471597.671
GDP (current US$),NY.GDP.MKTP.CD,Faroe Islands,FRO,960805408.949872,1067109530.64798,2690110520.92548,2914012679.27277,2573905971.05459,2813278868.78208,2980057377.87967,3188600927.46688,3266432734.22819,3262045883.37293,3655063937.93145,3555929833.05051
GDP (current US$),NY.GDP.MKTP.CD,Fiji,FJI,1337017559.49728,1678219507.89829,4189967998.51424,4857104791.00386,4682479912.05203,4930213634.35692,5353469171.0611,5581425324.91185,5444407214.31758,4432466237.09588,4305031630.81808,4979979546.0123
GDP (current US$),NY.GDP.MKTP.CD,Finland,FIN,141438345513.917,126019543413.334,271362405890.589,274862826772.156,234534382384.766,240771351298.833,255647979916.471,275708001767.843,268514916972.549,271886077382.102,296470417085.267,282649838009.729
GDP (current US$),NY.GDP.MKTP.CD,France,FRA,1269179616913.63,1365639660792.16,2811876903329.03,2855964488590.19,2439188643162.5,2472964344587.17,2595151045197.65,2790956878746.66,2728870246705.88,2647418691598.45,2959355819170.5,2779092236505.85
GDP (current US$),NY.GDP.MKTP.CD,French Polynesia,PYF,3320159522.36573,3599845480.34359,6031827122.60663,6151996560.84289,5325846361.81186,5497036476.8031,5833352692.7995,6135116253.33452,6022276196.13871,5792545870.80614,6150640646.38319,5814661208.90544
GDP (current US$),NY.GDP.MKTP.CD,Gabon,GAB,5952293764.84777,5080483628.53013,17595744798.3398,18203966895.8433,14383107762.6952,14023890265.3665,14929487485.1623,16867326401.9626,16874405465.391,15314577154.8076,20217946922.4528,21071739224.8918
GDP (current US$),NY.GDP.MKTP.CD,"Gambia, The",GMB,317083695.477797,782913871.80966,1375609453.43746,1229461721.40861,1378176608.93204,1484578885.97132,1504909462.69521,1670671327.81651,1813609692.49994,1812170891.19069,2038414968.60683,2187194563.48605
GDP (current US$),NY.GDP.MKTP.CD,Georgia,GEO,7500000000,3057475335.18846,17190068235.7892,17627332900.2581,14953673796.1929,15141598622.5692,16242645072.2881,17596922469.9152,17470436258.5131,15842922532.7202,18629365612.096,24780791063.7131
GDP (current US$),NY.GDP.MKTP.CD,Germany,DEU,1771671206875.68,1947981991011.77,3733804649549.03,3889093051023.52,3357585719351.56,3469853463945.53,3690849152517.65,3974443355019.6,3889177589254.9,3887727161914.41,4278503934689.85,4082469490797.68
GDP (current US$),NY.GDP.MKTP.CD,Ghana,GHA,5889106573.46088,4982850662.20851,62824629066.0408,54783320576.8882,49406009811.9819,56164928691.0359,60405920071.5652,67298913752.0241,68337974418.3315,70043095503.6675,79524421861.2743,73766052451.5256
GDP (current US$),NY.GDP.MKTP.CD,Gibraltar,GIB,..,..,..,..,..,..,..,..,..,..,..,..
GDP (current US$),NY.GDP.MKTP.CD,Greece,GRC,97891092003.4394,130457756628.436,238907690051.13,235458133124.608,195683527003.375,193148146586.933,199844406013.531,212049447242.111,205252760889.364,188480337285.605,214667807441.202,217581324512.059
GDP (current US$),NY.GDP.MKTP.CD,Greenland,GRL,1018977280.32928,1068025016.00862,2684946990.12448,2842065708.35962,2499113022.81675,2707139544.46695,2851613679.03433,3055782146.15957,2997309971.87623,3082884653.2456,3235809504.29871,..
GDP (current US$),NY.GDP.MKTP.CD,Grenada,GRD,278098762.962963,520044370.37037,842618518.518518,911496296.296296,997007407.407407,1061640740.74074,1125685185.18519,1166514814.81481,1213485185.18519,1043411111.11111,1122800000,1215379155.67282
GDP (current US$),NY.GDP.MKTP.CD,Guam,GUM,..,..,5399000000,5610000000,5799000000,5901000000,6013000000,6056000000,6366000000,5886000000,6123000000,..
GDP (current US$),NY.GDP.MKTP.CD,Guatemala,GTM,7650196845.21546,19288929030.0508,52996446269.442,57852153058.502,62186064718.7424,66053403469.0024,71653754066.2763,73328365862.4329,77172317258.6478,77715183063.2054,86053083476.0294,95003330315.8754
GDP (current US$),NY.GDP.MKTP.CD,Guinea,GIN,2666750819.15337,2995361111.48224,8376613880.84932,8778473643.31852,8794202394.29076,8595955600.36601,10324668271.1032,11857030367.2441,13442861496.4128,14177835841.3923,16091817842.1318,20999229260.4955
GDP (current US$),NY.GDP.MKTP.CD,Guinea-Bissau,GNB,243961995.512687,371095522.049969,1046087367.45447,1054915581.35773,1048229633.00189,1179004911.26676,1350177012.24273,1504630233.68158,1439638410.99683,1431758231.68522,1638517606.89496,1633559092.08861
GDP (current US$),NY.GDP.MKTP.CD,Guyana,GUY,396582263.291139,712667896.727512,4167800935.59876,4127660158.47257,4279840193.7046,4482697336.56174,4748174334.14044,4787637005.53562,5173760191.84652,5471256594.72422,8041362110.31175,14718388489.2086
GDP (current US$),NY.GDP.MKTP.CD,Haiti,HTI,3096289800,6813565983.23285,14902488489.1696,15146883647.3239,14849629407.8872,14069277532.5199,15093357143.2889,16403864522.0538,15016090929.5125,14508222518.3018,20877414952.6375,20253551884.6055
GDP (current US$),NY.GDP.MKTP.CD,Honduras,HND,4923009551.55642,7186638029.05875,18499729214.904,19756533971.8698,20979791685.416,21717604952.1835,23136247990.5977,24067750760.499,25089937021.5418,23827859226.8834,28488721680.8502,31717699764.3621
GDP (current US$),NY.GDP.MKTP.CD,"Hong Kong SAR, China",HKG,76928784620.8158,171668891194.349,275696879834.966,291459995978.893,309385622601.348,320860317562.562,341273289534.466,361731070995.726,363074545072.389,344943149590.058,368911387845.418,359838583490.063
GDP (current US$),NY.GDP.MKTP.CD,Hungary,HUN,..,47218405892.4258,135684315697.713,141033843265.669,125174166987.372,128609822750.039,143112196040.326,160565642983.587,164020460331.659,157227094449.074,182090041757.269,177337436677.365
GDP (current US$),NY.GDP.MKTP.CD,Iceland,ISL,6468736355.55678,9025660361.75842,16125060515.3117,17867662177.8911,17517210519.0912,20793168030.9524,24728285177.4603,26260850582.0687,24681343649.2952,21565767851.144,25595940169.5879,28064529851.3098
GDP (current US$),NY.GDP.MKTP.CD,India,IND,320979026420.035,468394937255.803,1856721507681.08,2039126479228.11,2103588360066.32,2294796885682.55,2651474262735.28,2702929641707.38,2835606256616.03,2671595405986.86,3150306839142.13,3416645826052.87
GDP (current US$),NY.GDP.MKTP.CD,Indonesia,IDN,106140727333.636,165021012077.81,912524136718.018,890814755533.537,860854232686.214,931877364037.698,1015618744159.73,1042271532988.63,1119099871350.2,1059054842698.48,1186505455736.54,1319100220407.72
GDP (current US$),NY.GDP.MKTP.CD,"Iran, Islamic Rep.",IRN,124813263926.225,109591707801.431,492775566425.881,460382791480.428,408212917874.964,457954614593.746,486630147094.486,329691934144.504,283649531542.631,239735486745.704,359096907772.985,413493207349.265
GDP (current US$),NY.GDP.MKTP.CD,Iraq,IRQ,180408064516.129,48364250943.9051,234637675128.645,228415656174.957,166774104959.102,166602488747.885,187217660050.676,227367469034.031,233636097800.338,180924091442.953,207691599310.345,264182173793.103
GDP (current US$),NY.GDP.MKTP.CD,Ireland,IRL,49305632408.4929,100207610429.909,238112475390.796,259681883575.706,292364226871.756,298559265006.398,337241811320.896,386693357874.056,398933010007.356,428608687830.239,513391778882.86,533140011838.276
GDP (current US$),NY.GDP.MKTP.CD,Isle of Man,IMN,..,1563667799.61578,7001180245.83103,7708459144.9826,7084795708.28406,6846373276.59372,6979791187.12712,7491654051.07858,7314966839.12782,6684229268.50545,..,..
GDP (current US$),NY.GDP.MKTP.CD,Israel,ISR,..,136035771711.672,297732778479.129,314330061977.263,303414276832.04,322102790386.835,358245427458.541,376691526553.276,402470513619.148,413267669231.522,488526545878.891,525002447652.773
GDP (current US$),NY.GDP.MKTP.CD,Italy,ITA,1181222653522.95,1146676894209.73,2141924094298.56,2162009615996.54,1836637711060.55,1877071687633.78,1961796197354.36,2091932426266.98,2011302198827.45,1897461635591.91,2155360298998.03,2049737165407.98
GDP (current US$),NY.GDP.MKTP.CD,Jamaica,JAM,4592208086.69235,9005064474.93003,14264205152.6126,13899217721.6818,14188936958.4343,14077096714.1279,14808985171.3441,15730792835.5811,15830766570.7266,13812421803.4084,14657586127.0331,17097760723.9201
GDP (current US$),NY.GDP.MKTP.CD,Japan,JPN,3185904656663.85,4968359075956.59,5212328181166.18,4896994405353.29,4444930651964.18,5003677627544.24,4930837369151.42,5040880939324.86,5117993853016.51,5055587093501.59,5034620784584.98,4256410760723.75
GDP (current US$),NY.GDP.MKTP.CD,Jordan,JOR,4160087507.83472,8460789844.8519,34454440140.8451,36847643521.1268,38587017887.3239,39892551126.7606,41608435915.493,43370860704.2254,44502816901.4085,43700383098.5916,46296100140.8451,48653381780.6397
GDP (current US$),NY.GDP.MKTP.CD,Kazakhstan,KAZ,26932016269.6107,18291990662.0356,236634603409.089,221415613595.469,184388404706.042,137278320084.171,166805788827.233,179339977690.485,181667184854.501,171082365861.423,197112255360.612,225496328925.494
GDP (current US$),NY.GDP.MKTP.CD,Kenya,KEN,8572359038.16958,12705350097.8044,61671440407.8387,68285796514.2896,70120446896.8359,74815144163.8931,82036510877.2599,92202979985.2863,100378436207.371,100657505750.545,109703658904.994,113420008178.793
GDP (current US$),NY.GDP.MKTP.CD,Kiribati,KIR,42933296.4887589,67253121.6174144,184543120.916973,177868200.039122,170292316.823055,178507954.868147,188540710.231323,196501525.688652,175181629.286475,177553274.584763,227610079.145208,223353014.294593
GDP (current US$),NY.GDP.MKTP.CD,"Korea, Dem. People's Rep.",PRK,..,..,..,..,..,..,..,..,..,..,..,..
GDP (current US$),NY.GDP.MKTP.CD,"Korea, Rep.",KOR,283365844161.092,576179387819.613,1370632955321.2,1484488526271.8,1466038936206.43,1499679823909.61,1623074183501.9,1725373496825.43,1651422932447.77,1644312831906.17,1818432106880.04,1673916469026.56
GDP (current US$),NY.GDP.MKTP.CD,Kosovo,XKX,..,..,6735328609.6594,7074394734.88431,6295848422.71573,6682677289.98994,7180764703.35718,7878759714.82322,7899737577.47286,7717145217.81247,9412034299.23122,9409473517.95304
GDP (current US$),NY.GDP.MKTP.CD,Kuwait,KWT,18427777777.7778,37718743480.0751,174167897908.593,162650272167.89,114585576961.43,109406328917.014,120687539805.505,138202535799.918,136191825724.364,105948807280.731,137384258875.558,175363265306.122
GDP (current US$),NY.GDP.MKTP.CD,Kyrgyz Republic,KGZ,2675000000,1369688498.06778,7335033800.59056,7468102412.68237,6678177511.66313,6813095379.1187,7702938379.42036,8271106235.41552,9371275264.36735,8270468614.24051,9249133946.26531,11543966558.842
GDP (current US$),NY.GDP.MKTP.CD,Lao PDR,LAO,865559879.400406,1731198022.46763,11983252626.5452,13279248478.6917,14426381187.0894,15912495368.8717,17071162084.4067,18141651381.3884,18740559554.1632,18981800705.0794,18827148528.9934,15468785203.7532
GDP (current US$),NY.GDP.MKTP.CD,Latvia,LVA,..,7958852838.93395,30204783461.8488,31386896487.0407,27263090547.0617,28083597512.4841,30483806017.8318,34429023435.0211,34225547537.0745,34390910338.9604,39443126174.4335,40932030049.5644
GDP (current US$),NY.GDP.MKTP.CD,Lebanon,LBN,2838485353.96187,17260364842.4544,46880103080.597,48095213746.6003,49929337836.8159,51147308774.1294,53027680685.9038,54901519155.5556,51605959131.2741,31712128253.7961,23131941556.7843,..
GDP (current US$),NY.GDP.MKTP.CD,Lesotho,LSO,596410263.743849,887291687.920796,2367112931.642,2441063054.05792,2359686724.53829,2131522791.45927,2306185472.14868,2556247291.99785,2361966946.29803,2067813018.99465,2348771013.21241,2236502124.16956
GDP (current US$),NY.GDP.MKTP.CD,Liberia,LBR,..,874000000,3177198100,3225652000,3227075700,3398419600,3390703400,3422754800,3319596500,3039982500,3509000000,4001046970
GDP (current US$),NY.GDP.MKTP.CD,Libya,LBY,28904164239.3038,38270983031.7,75351117629.3591,57372352561.9874,48717506273.4399,49912085228.2887,67157451661.405,76686048497.4801,69254143966.8182,46808208746.0839,39798423941.0335,45752336035.9846
GDP (current US$),NY.GDP.MKTP.CD,Liechtenstein,LIE,1421509216.37424,2483889858.32312,6391708310.67727,6657526979.72277,6268515276.17441,6237302033.50132,6474308717.85289,6692620691.84146,6436467007.11932,6405870210.32293,7710380085.92257,..
GDP (current US$),NY.GDP.MKTP.CD,Lithuania,LTU,..,11524776866.6379,46523420074.4372,48533659592.1728,41435533340.3883,43047309305.7363,47758736931.7801,53751411409.4447,54808531641.4117,56964942999.3651,66798933785.7702,70974490450.4944
GDP (current US$),NY.GDP.MKTP.CD,Luxembourg,LUX,12778792853.6939,21230182989.3036,65203276466.9763,68804811897.6445,60071584216.1375,62216885435.9488,65712180342.9836,71000359760.4611,69890505323.5842,73699366700.2134,85584105993.8746,81641807865.7591
GDP (current US$),NY.GDP.MKTP.CD,"Macao SAR, China",MAC,3246481233.24397,6774193548.3871,51536595089.2793,54902831793.5018,45048190598.3249,45070808688.9611,50383871120.8733,55190661339.7796,55082293844.1008,25343525935.8358,30969334705.0515,24042287326.5729
GDP (current US$),NY.GDP.MKTP.CD,Madagascar,MDG,3931334875.01376,4629247203.84524,12423555455.3853,12522957399.2281,11323020701.3017,11848613858.442,13176313593.5509,13760033282.2925,14104664678.5063,13051441203.9474,14554754116.5427,15297192798.9771
GDP (current US$),NY.GDP.MKTP.CD,Malawi,MWI,2737087861.60887,2537307580.32808,8031571927.62055,8801326169.14547,9219474379.31534,7909868618.46366,8943543677.18899,9880675785.93057,11025371147.1876,12056108778.3125,12602334121.6286,13164667626.9363
GDP (current US$),NY.GDP.MKTP.CD,Malaysia,MYS,44024585239.6137,93789736842.1053,323276235524.415,338066095097.254,301355266964.947,301256033870.334,319109094160.343,358788845712.53,365177721021.516,337456163961.211,373832428055.449,407027451714.616
GDP (current US$),NY.GDP.MKTP.CD,Maldives,MDV,215043969.849246,624337145.284622,3295009236.55661,3697353036.58648,4129505319.81871,4409942623.38674,4816426259.51373,5404344159.49959,5726094797.67486,3712604580.32081,5254366310.44801,6170638746.965
GDP (current US$),NY.GDP.MKTP.CD,Mali,MLI,2681912148.69842,2961484953.86444,13242690786.0938,14364937124.0727,13104764378.326,14026048335.7047,15365713048.1993,17070867589.9055,17280250810.0321,17465392764.3706,19309463508.0377,18827176529.6983
GDP (current US$),NY.GDP.MKTP.CD,Malta,MLT,2547163582.33149,4069515556.78692,10551030596.7558,11625848974.8051,11091483659.6156,11668015565.8082,13484541925.7714,15404393365.2073,15992378640.0553,15252609039.0749,18087205251.3605,18125564514.2664
GDP (current US$),NY.GDP.MKTP.CD,Marshall Islands,MHL,78476000,115347500,185468000,185172900,182997300,200716000,212701200,219430038.452148,231996704.101563,240751144.40918,257784881.591797,258774475.097656
GDP (current US$),NY.GDP.MKTP.CD,Mauritania,MRT,1506914407.82047,1779520886.47015,7223071097.08417,6592537781.81518,6166863896.68677,6398747592.13185,6800135898.28827,7473550557.07378,7894764885.82312,8260752385.23089,9222536364.01272,9780863578.97688
GDP (current US$),NY.GDP.MKTP.CD,Mauritius,MUS,2653485892.62519,4663321081.4445,12292974141.4044,13074129952.0532,12007291045.6489,12594155464.4136,13713506130.6081,14735695930.9727,14436346979.6355,11408106446.3144,11484357947.9086,12948726653.811
GDP (current US$),NY.GDP.MKTP.CD,Mexico,MEX,261253675692.838,742061329643.37,1327436290360.97,1364507717463.67,1213294467527.59,1112233497399.12,1190721475958.84,1256300182983.65,1305212479961.59,1120741118380.27,1312557512901.28,1465854089286.47
GDP (current US$),NY.GDP.MKTP.CD,"Micronesia, Fed. Sts.",FSM,147200000,233271800,317214400,319271200,316489900,332265200,366666800,401932300,416000000,408000000,406000000,424000000
GDP (current US$),NY.GDP.MKTP.CD,Moldova,MDA,..,1288429391.79951,9496717875.51932,9399833207.49341,7798692878.40136,7982450758.03213,9519053158.46404,11253727815.4762,11735774634.4239,11531967881.0624,13692230147.0588,14508333280.4233
GDP (current US$),NY.GDP.MKTP.CD,Monaco,MCO,2481307077.10989,2654462665.26893,6555591709.88585,7069353073.08882,6261649890.82388,6465645584.94877,6431271365.08338,7182444409.54069,7383944044.17,6739645416.47916,8626081320.50612,8784002931.68665
GDP (current US$),NY.GDP.MKTP.CD,Mongolia,MNG,2560785660,1136896123.61298,12582122604.2577,12226514668.0622,11619892590.6941,11181350649.3573,11480847740.736,13178094720.4986,14206359017.5143,13312981429.0891,15286441737.6686,17146471626.3963
GDP (current US$),NY.GDP.MKTP.CD,Montenegro,MNE,..,984293043.811565,4465772400.37453,4593853290.963,4054730077.57718,4376930578.32395,4856599480.79882,5506942238.35668,5542054181.12616,4769996866.00758,5861427505.12493,6229801580.79157
GDP (current US$),NY.GDP.MKTP.CD,Morocco,MAR,30179954774.9899,43017455401.8445,115739287305.08,119130841411.664,110413823841.592,111572947004.917,118540573367.844,127341147581.818,128920266409.458,121353645057.144,141817797083.468,130912558829.84
GDP (current US$),NY.GDP.MKTP.CD,Mozambique,MOZ,..,5930685214.61595,17198073057.1981,17978246586.0662,16208985769.615,12069051237.1711,13264640645.7768,15017358750.6113,15512759174.573,14235420505.2904,16168056388.9101,18406835954.6695
GDP (current US$),NY.GDP.MKTP.CD,Myanmar,MMR,2115193503.48126,8905066163.58643,60269732882.8413,65446196919.6813,59687411768.8224,63216143490.1423,66055090634.4518,67855845007.3168,75072038085.8542,79045695084.5069,66262813093.4824,62263466263.7375
GDP (current US$),NY.GDP.MKTP.CD,Namibia,NAM,2789921853.37652,3922232164.83175,12043307277.1235,12435430969.6301,11335161083.5061,10722018732.0936,12895153160.466,13682018827.0434,12541928102.7657,10583748541.5258,12446290854.8973,12914932655.685
GDP (current US$),NY.GDP.MKTP.CD,Nauru,NRU,..,..,94385014.9425842,99149244.4001333,84863440.5801997,97541943.0355053,109355638.866955,130995566.30391,125160115.547819,124685688.161094,145536615.893046,151647846.128953
GDP (current US$),NY.GDP.MKTP.CD,Nepal,NPL,3627560281.90505,5494252207.90502,22162205046.022,22731612827.0632,24360801337.6944,24524109483.5293,28971588880.3546,33111525183.2178,34186180695.9969,33433659223.6349,36924841428.7182,40828247303.5337
GDP (current US$),NY.GDP.MKTP.CD,Netherlands,NLD,318330511920.61,417479337444.707,877172824534.512,892167986713.722,765572770634.375,784060430240.08,833869641687.06,914043438179.607,910194347568.626,909793466661.481,1029678338329.44,1009398719033.08
GDP (current US$),NY.GDP.MKTP.CD,New Caledonia,NCL,2529440424.16648,3420032041.07385,10151382933.1594,10635035594.7528,8738203074.3957,8724568954.89799,9174048681.98577,9896402283.68587,9475655324.59495,9454629467.91408,10071349663.8484,9623318718.31459
GDP (current US$),NY.GDP.MKTP.CD,New Zealand,NZL,45495129385.0475,52623281956.7031,190906575136.003,201313497220.917,178064471137.921,188838342527.975,206556258844.567,211886686924.483,213091987153.092,212569779569.519,255551704625.831,248101705541.399
GDP (current US$),NY.GDP.MKTP.CD,Nicaragua,NIC,1009455483.87097,5107329007.0922,10982995267.0341,11880434070.7811,12756685522.4807,13286101284.7856,13785924374.2151,13025234958.647,12699028991.3771,12678162403.5929,14145880399.1935,15671583939.9889
GDP (current US$),NY.GDP.MKTP.CD,Niger,NER,3512356507.88599,2241753192.81158,10224897437.8648,10862943543.5419,9683867926.44282,10398861981.7583,11185104251.6785,12837307496.8797,12889555561.304,13744653102.9945,14915002435.9913,15342278919.4009
GDP (current US$),NY.GDP.MKTP.CD,Nigeria,NGA,54035795387.8086,69171451627.2465,520117180313.906,574183763411.508,493026682800.63,404649125252.16,375745731053.427,421739251509.08,474517491092.913,432198898221.967,440838992188.478,472624597402.898
GDP (current US$),NY.GDP.MKTP.CD,North Macedonia,MKD,4699646643.10954,3772859034.20508,10817702346.0674,11362265252.778,10064519962.5655,10672467073.2873,11307067069.6658,12683068114.2388,12606338448.547,12363580534.6811,13998355971.3044,13563132102.1663
GDP (current US$),NY.GDP.MKTP.CD,Northern Mariana Islands,MNP,..,..,772000000,832000000,910000000,1230000000,1560000000,1301000000,1181000000,858000000,..,..
GDP (current US$),NY.GDP.MKTP.CD,Norway,NOR,119791843059.572,171457201935.968,526014468085.106,501736471832.848,388159512245.53,370956547619.048,401745275035.261,439788625883.8,408742840909.091,367633418886.627,503367986030.268,593348981537.661
GDP (current US$),NY.GDP.MKTP.CD,Oman,OMN,11685045513.6541,19507452535.7607,89936020806.2419,92699089726.9181,78710793237.9714,75128738621.5865,80856697009.1027,91505851755.5267,88060858257.4772,75909397659.2978,88191977373.212,114667360208.062
GDP (current US$),NY.GDP.MKTP.CD,Pakistan,PAK,40010423970.4576,99484802344.5277,258657231672.412,271390474857.632,299963590534.773,313630000130.435,339205534861.1,356128166704.921,320909472770.669,300425609817.981,348516647445.148,374697366359.244
GDP (current US$),NY.GDP.MKTP.CD,Palau,PLW,..,146297500,221117200,241669800,280457700,298300000,285600000,288546281.25,281970375,257885921.875,232903015.625,..
GDP (current US$),NY.GDP.MKTP.CD,Panama,PAN,6433967000,12304115000,45599900000,49921400000,54091800000,57907700000,62202700000,67294169200,69721787500,57086836900,67406738100,76522511800
GDP (current US$),NY.GDP.MKTP.CD,Papua New Guinea,PNG,3219729083.06487,3521339699.07407,21261338064.8783,23210823987.308,21723437010.0982,20758876952.6232,22742699138.356,24109780708.0268,24751066910.5409,23848445103.9227,26113333244.5115,31603619041.7903
GDP (current US$),NY.GDP.MKTP.CD,Paraguay,PRY,5812114523.01187,8855705139.55857,38501122141.4241,40377929295.6419,36211447840.0971,36089700222.9461,38997129473.5558,40225448340.6322,37925338329.1494,35432178068.1814,39950899938.7482,41722295229.2279
GDP (current US$),NY.GDP.MKTP.CD,Peru,PER,26410386962.8019,51744749133.213,201175543571.392,200786250582.943,189802976285.619,191898104390.379,211007984080.911,222597009739.235,228325821196.153,201947615138.567,223717799056.526,242631573320.79
GDP (current US$),NY.GDP.MKTP.CD,Philippines,PHL,50508286641.5746,83669788254.7279,283902828581.65,297483555344.802,306445871246.718,318627003012.52,328480736798.792,346841896583.515,376823402244.928,361751145451.597,394087359844.049,404284326110.463
GDP (current US$),NY.GDP.MKTP.CD,Poland,POL,65977748210.5263,172220451786.957,515761954074.157,539080475073.719,477111287969.227,470024559642.469,524641206566.631,588779850758.053,596058473058.766,599442783598.064,681346136411.701,688125010520.52
GDP (current US$),NY.GDP.MKTP.CD,Portugal,PRT,78713860216.5659,118605192877.388,226433858005.714,229901964221.884,199394066525.44,206426152308.931,221357874718.93,242313116577.967,239986922638.902,229031860520.777,255534839405.899,255196660987.427
GDP (current US$),NY.GDP.MKTP.CD,Puerto Rico,PRI,30603919000,61701800000,102450000000,102445800000,103375500000,104336700000,103445500000,100958100000,105126400000,103130900000,106368900000,113434800000
GDP (current US$),NY.GDP.MKTP.CD,Qatar,QAT,7360439423.07692,17759890109.8901,198727642967.033,206224598571.429,161739955576.923,151732181868.132,161099122225.275,183334953818.681,176371267689.082,144411363345.27,179732009554.846,236258302839.653
GDP (current US$),NY.GDP.MKTP.CD,Romania,ROU,38247882300.4904,37253739511.1273,189789258566.244,199713780259.318,177883883008.747,185287630540.431,210147163769.848,243316029944.056,251017797625.017,251362514349.697,285810244501.933,300691354864.855
GDP (current US$),NY.GDP.MKTP.CD,Russian Federation,RUS,517014446227.929,259710142196.943,2292470078346.22,2059241589895.01,1363482182197.71,1276786350881.14,1574199360089,1657328773461.31,1693115002708.32,1493075894362.14,1836892075547.52,2240422427458.58
GDP (current US$),NY.GDP.MKTP.CD,Rwanda,RWA,2550185679.08109,2068955252.83541,7820741499.0814,8239766320.0954,8544621756.79813,8696069807.42495,9252834120.39358,9636254325.02444,10346326599.029,10172303393.0612,11054517345.7109,13311487445.0686
GDP (current US$),NY.GDP.MKTP.CD,Samoa,WSM,125766269.755358,258856139.798489,797736334.281305,796683519.593842,824150498.653536,843924796.697421,884844384.463214,878448433.404342,912950466.064906,868898358.266437,843923638.733018,832945205.637185
GDP (current US$),NY.GDP.MKTP.CD,San Marino,SMR,..,1005159388.24397,1678741201.5731,1673910988.24105,1419400403.82788,1468342430.7393,1528621195.4832,1655354303.86998,1616188702.33964,1541247883.99351,1855382833.1165,..
GDP (current US$),NY.GDP.MKTP.CD,Sao Tome and Principe,STP,..,..,267041747.584354,293119143.246825,259999643.047388,292267272.196925,322002845.229335,383717327.830508,412976064.479214,471229484.607144,524402450.755612,542686976.457587
GDP (current US$),NY.GDP.MKTP.CD,Saudi Arabia,SAU,117630261604.888,189514910222.667,753864543430.248,766605946720.427,669484381328.891,665999879694.192,714994694991.651,846583791842.629,838564705295.139,734271183944.989,874156115900.131,1108571517285.38
GDP (current US$),NY.GDP.MKTP.CD,Senegal,SEN,7390967360.42121,6013185003.97525,18918667724.8817,19797253440.2679,17774766696.1759,19040312333.1864,20996562943.5979,23116701556.1381,23403995992.1354,24530513037.7518,27569136729.9023,27684264748.2324
GDP (current US$),NY.GDP.MKTP.CD,Serbia,SRB,..,6875845986.52121,48394239474.6762,47062202418.8864,39655949731.3816,40692661657.284,44179075778.9267,50640662859.4987,51514242938.6734,53356484591.4378,63101069561.2193,63563401043.5044
GDP (current US$),NY.GDP.MKTP.CD,Seychelles,SYC,392163560.879912,654212394.27164,1324915185.0959,1387576450.14334,1391427967.33495,1458954073.30681,1529773473.31153,1588050311.16454,1645090567.04612,1183515314.03478,1286687308.25807,1588438144.37685
GDP (current US$),NY.GDP.MKTP.CD,Sierra Leone,SLE,649644097.566129,635874002.198748,4920343316.87093,5015180725.3416,4252029353.82191,3862721266.02162,3719443418.26155,4085114387.55605,4076578698.79107,4062906265.7332,4249234704.01866,4094563859.43556
GDP (current US$),NY.GDP.MKTP.CD,Singapore,SGP,36144336768.7023,96076539925.7409,307576360584.992,314863580758.455,307998545269.398,319030057631.089,343272878686.388,376869492498.009,376837580397.579,348392090695.217,423797100521.555,466788426791.966
GDP (current US$),NY.GDP.MKTP.CD,Sint Maarten (Dutch part),SXM,..,..,1022905027.93296,1361811520.80425,1417888712.18062,1427017201.87971,1353212141.44053,1259200442.69574,1407880465.5512,1236428075.42112,1353071060.2652,1537088724.46126
GDP (current US$),NY.GDP.MKTP.CD,Slovak Republic,SVK,12747380650.0762,29242558796.5507,98935222174.8603,101437045019.901,88900883130.8374,89952699524.894,95649966260.9802,106137924015.593,105711680180.565,106731482855.496,118576482542.583,115461711688.965
GDP (current US$),NY.GDP.MKTP.CD,Slovenia,SVN,..,20289627636.6767,48415657264.8758,49997186439.0916,43107506024.3254,44766722790.5826,48589100043.0954,54177882425.8431,54386654313.9685,53734526854.2289,61832201543.8285,60063475466.3446
GDP (current US$),NY.GDP.MKTP.CD,Solomon Islands,SLB,214877666.699752,419842674.227652,1285911586.132,1335571420.72676,1307909887.55212,1379490304.2254,1469789119.08756,1615478393.28614,1619155017.3924,1536145814.17007,1580303515.40945,1597204340.62902
GDP (current US$),NY.GDP.MKTP.CD,Somalia,SOM,917044228.00846,..,5836021227.47436,6537360532.64205,6984947145.09369,7390796616.53029,8252394373.29875,8278212314.40591,9420431258.24667,9204140383.17507,9838711529.45863,10419541202.0382
GDP (current US$),NY.GDP.MKTP.CD,South Africa,ZAF,126048140141.869,151752757215.309,400886013595.573,381198869776.106,346709790458.563,323585509674.481,381448814654.62,405260723892.868,389330032221.07,338291396025.956,420117812463.841,405270850099.387
GDP (current US$),NY.GDP.MKTP.CD,South Sudan,SSD,..,..,18426469016.9492,13962212847.4576,11997800760.2242,..,..,..,..,..,..,..
GDP (current US$),NY.GDP.MKTP.CD,Spain,ESP,536558591250.408,598363313494.903,1355579535912.55,1371820537888.62,1196156971279.69,1233554967011.68,1313245330197.65,1421702715218.04,1394320055129.41,1278128867875.49,1445651653604.63,1417800466262.65
GDP (current US$),NY.GDP.MKTP.CD,Sri Lanka,LKA,8032551173.24014,16330814179.9766,77000578167.353,82528535713.926,85140955388.8509,88012282205.8357,94376237797.2367,94493871200.7869,89014978344.1404,84440516486.1099,88548049121.4972,74403578363.4355
GDP (current US$),NY.GDP.MKTP.CD,St. Kitts and Nevis,KNA,217259259.259259,421695769.843918,874896296.296296,953166666.666667,957025925.925926,1007348148.14815,1058366666.66667,1076240740.74074,1107155555.55556,883933333.333333,858592592.592592,965638864.921867
GDP (current US$),NY.GDP.MKTP.CD,St. Lucia,LCA,579629629.62963,932592592.592592,1660222222.22222,1749288888.88889,1807225925.92593,1865459259.25926,1996711111.11111,2057066666.66667,2102534000,1604444444.44444,1961111111.11111,2343703703.7037
GDP (current US$),NY.GDP.MKTP.CD,St. Martin (French part),MAF,..,..,..,772921958.529509,..,..,..,..,652206037.103874,..,649206262.847519,..
GDP (current US$),NY.GDP.MKTP.CD,St. Vincent and the Grenadines,VCT,240366666.666667,427946037.037037,764781259.259259,770900000,786555555.555555,814303703.703704,844037037.037037,884329629.62963,910766666.666667,869111111.111111,872222222.222222,948559259.259259
GDP (current US$),NY.GDP.MKTP.CD,Sudan,SDN,33641222222.2222,12257299147.2936,66027141578.0612,76818769321.3038,84984666745.108,102943509633.573,129718581297.431,32333780383.2924,32338079165.2893,27034593750,34229513773.9708,51662241775.0629
GDP (current US$),NY.GDP.MKTP.CD,Suriname,SUR,388400000,947671969.69697,5145757575.75758,5240606060.60606,5126237646.22072,3317421648.09918,3591679430.99988,3996198866.57453,4016040575.08796,2911807496.20227,3081401725.88833,3620987993.32637
GDP (current US$),NY.GDP.MKTP.CD,Sweden,SWE,261846194498.885,262835454366.855,586841821796.891,581964017237.095,505103781349.757,515654671469.547,541018749769.097,555455371487.089,533879529188.454,547054174235.876,639714956069.468,591718144602.141
GDP (current US$),NY.GDP.MKTP.CD,Switzerland,CHE,265763573999.424,279216033870.204,706234937370.968,726537808338,694118186379.628,687895460902.713,695200833086.499,725568717468.001,721369112726.724,741999406005.627,813408787222.499,818426550206.45
GDP (current US$),NY.GDP.MKTP.CD,Syrian Arab Republic,SYR,23904498886.4143,80590022271.7149,21361254634.9336,21502061466.067,16468399173.0006,12598742889.2732,16369724424.2585,21496337948.9175,22600896342.9399,11156757922.0385,8969512933.38826,..
GDP (current US$),NY.GDP.MKTP.CD,Tajikistan,TJK,2629395066.27017,860541842.263697,8448410727.21353,9112606074.45562,8271431932.39205,6992416096.89018,7536403146.65439,7765000282.26569,8300813889.60795,8133963813.07025,8937805347.13963,10492123387.7931
GDP (current US$),NY.GDP.MKTP.CD,Tanzania,TZA,4258742891.66014,13376365874.8449,45648857242.315,49986726460.6805,47413919817.124,49774409374.4538,53274884532.7886,57003712892.0858,61026731925.9213,66068737786.0639,70655628147.8986,75732311666.039
GDP (current US$),NY.GDP.MKTP.CD,Thailand,THA,85343190719.0107,126392224253.794,420333654592.547,407339040197.651,401296238228.084,413366349747.508,456356813536.764,506754208404.485,543976691793.886,500457264955.763,505568063988.806,495423343049.622
GDP (current US$),NY.GDP.MKTP.CD,Timor-Leste,TLS,..,366924300,1395727400,1447535200,1595205100,1652603700,1598208400,1566157200,2027034000,2162619200,3621958000,3204753000
GDP (current US$),NY.GDP.MKTP.CD,Togo,TGO,1628427587.19133,1491891156.27182,6021729629.82454,6393314707.85456,5755457836.01866,6071167584.1951,6387424239.8801,7029215766.46367,6992654019.28876,7486031561.86885,8443112143.23844,8341225241.45693
GDP (current US$),NY.GDP.MKTP.CD,Tonga,TON,113563821.577404,204848487.806485,450650633.04135,439877614.419206,437003078.563584,420548712.433288,460374354.847247,488906838.594866,512053692.078675,484796854.918756,469228219.665791,..
GDP (current US$),NY.GDP.MKTP.CD,Trinidad and Tobago,TTO,5068000000,8154338232.95978,28709988700.2142,29699968760.7278,27026080986.578,23713671528.1421,24040299977.8745,24569079488.3913,23775754304.6652,20807571314.3043,24496505940.6673,30053575132.142
GDP (current US$),NY.GDP.MKTP.CD,Tunisia,TUN,12290568181.8182,21473528160.7782,48685446413.953,50271812920.612,45779494041.9295,44360072680.4476,42163530590.9462,42686580020.8322,41905540184.424,42538289933.2162,46687293140.3377,46303552449.3542
GDP (current US$),NY.GDP.MKTP.CD,Turkiye,TUR,150655500191.644,274294623164.043,957799120008.32,938934609296.966,864313810469.009,869682881593.041,858988492853.742,778972199727.859,761005946788.221,720338498174.744,819865253669.661,907118435952.688
GDP (current US$),NY.GDP.MKTP.CD,Turkmenistan,TKM,3000000000,2904663310.9825,39197543859.6491,43524210526.3158,35799714285.7143,36169428571.4286,37926285714.2857,40765428571.4286,45232857142.8571,45818000000,50007428571.4286,56542857142.8571
GDP (current US$),NY.GDP.MKTP.CD,Turks and Caicos Islands,TCA,..,..,754238000,841070000,942070000,1032452000,1022365000,1113178000,1197415000,924583000,1044778790,1138808881.1
GDP (current US$),NY.GDP.MKTP.CD,Tuvalu,TUV,8824743.94191672,15073975.5349377,38615890.6320745,38760982.6540096,36811936.0824587,41629064.2232388,45276595.3533146,48015259.8751356,54123198.5662913,51746594.3148543,60196405.7138393,59065979.0227679
GDP (current US$),NY.GDP.MKTP.CD,Uganda,UGA,4304399310.30967,6193246837.09687,28915786516.6123,32612397257.4458,32387183730.1002,29203988696.2626,30744473841.424,32927025619.6795,35348155095.4215,37605430214.3519,40510241365.8914,45567304608.4764
GDP (current US$),NY.GDP.MKTP.CD,Ukraine,UKR,79523809523.8095,32375083934.8241,190498811460.028,133503871861.723,91030967789.0717,93355869403.9223,112090505081.739,130891088293.55,153883047509.577,156617722013.342,199765859570.935,160502737251.047
GDP (current US$),NY.GDP.MKTP.CD,United Arab Emirates,ARE,50701443748.2975,104337372362.151,400218529747.597,414105366758.911,370275469560.166,369255326235.771,390516804016.501,427049432149.345,417989721734.494,349473015336.939,415178792769.884,507063968273.313
GDP (current US$),NY.GDP.MKTP.CD,United Kingdom,GBR,1093169389204.55,1665534876683.31,2784853502534.29,3064708247921.43,2927911140916.73,2689106566899.61,2680148052335.3,2871340347581.79,2851407164907.81,2697806592293.86,3141506156618.7,3089072722400.14
GDP (current US$),NY.GDP.MKTP.CD,United States,USA,5963144000000,10250947997000,16843190993000,17550680174000,18206020741000,18695110842000,19477336549000,20533057312000,21380976119000,21060473613000,23315080560000,25439700000000
GDP (current US$),NY.GDP.MKTP.CD,Uruguay,URY,9298807850.29979,22823270892.1094,61337621933.7857,61496186973.902,57680327998.6689,57480788380.312,65006047680.3225,65203071817.9812,62048585618.505,53666908053.7655,61412268248.9461,71177146197.4951
GDP (current US$),NY.GDP.MKTP.CD,Uzbekistan,UZB,13360607990.6751,13760513969.314,73180037911.4173,80845385816.4497,86196264741.8842,86138288632.5513,62081322740.0162,52870108217.2949,60283503705.3907,60224701296.7885,69600614987.3509,80391853887.4049
GDP (current US$),NY.GDP.MKTP.CD,Vanuatu,VUT,168879207.244148,272014627.835262,758304466.245339,772315983.81843,730870802.967051,780889605.899977,880061833.690341,914736985.430944,936526267.622513,909421043.508407,971636097.850666,1055811723.74753
GDP (current US$),NY.GDP.MKTP.CD,"Venezuela, RB",VEN,48606952194.7752,117146466002.661,371005379786.566,482359318767.703,..,..,..,..,..,..,..,..
GDP (current US$),NY.GDP.MKTP.CD,Viet Nam,VNM,6471740805.56984,31172518403.3162,213708811665.34,233451469642.519,239258328381.741,257096001177.982,281353605986.903,310106478394.659,334365270496.667,346615738537.796,366137569122.215,408802378904.838
GDP (current US$),NY.GDP.MKTP.CD,Virgin Islands (U.S.),VIR,..,..,3738000000,3565000000,3663000000,3798000000,3794000000,3923000000,4121000000,4189000000,4444000000,..
GDP (current US$),NY.GDP.MKTP.CD,West Bank and Gaza,PSE,..,4313600000,13515500000,13989700000,13972400000,15405400000,16128000000,16276600000,17133500000,15531700000,18109000000,19111900000
GDP (current US$),NY.GDP.MKTP.CD,"Yemen, Rep.",YEM,12643821568.9626,9679316770.18633,40415233436.0816,43228585321.3875,42444489460.8016,31317824906.4394,26842228804.5628,21606160777.1719,..,..,..,..
GDP (current US$),NY.GDP.MKTP.CD,Zambia,ZMB,3285217391.30435,3600632111.41414,28037239462.7142,27141023558.0829,21251216798.7762,20958412538.3093,25873601260.8353,26311507273.6735,23308667781.2258,18110638269.2238,22096416933.7902,29163782138.3415
GDP (current US$),NY.GDP.MKTP.CD,Zimbabwe,ZWE,8783816700,6689957600,19091020000,19495519600,19963120600,20548678100,17584890936.6523,34156069918.0609,21832234921.1762,21509698406.6618,28371238665.8646,27366627153.0852
GDP (current US$),NY.GDP.MKTP.CD,Africa Eastern and Southern,AFE,254673510115.591,285403765401.254,986342932619.106,1006992481353.94,932513471557.123,890051427265.996,1028394291260.59,1012521425296.35,1006191000190.48,928880235176.594,1086530704900.5,1185137703650.99
GDP (current US$),NY.GDP.MKTP.CD,Africa Western and Central,AFW,121803568895.987,140132777859.081,834097010134.991,894505003403.491,769263195356.949,692114931613.254,685630289666.515,768158194632.397,823405580187.913,786962436538.391,844927536437.833,875393693658.084
GDP (current US$),NY.GDP.MKTP.CD,Arab World,ARB,651231622555.595,820573600760.516,2860928547664.76,2907245176944.27,2555806089294.93,2539393624579.97,2639754813075.27,2845898419150.44,2871654771803.32,2535508549307.3,2930480380718.33,3543339785306.04
GDP (current US$),NY.GDP.MKTP.CD,Caribbean small states,CSS,18145262491.2916,34552588845.5197,75356800316.8823,77059089418.8565,75749012501.5871,71240254843.9807,73779107435.1508,76540797383.5589,77253744414.7289,65860096129.8181,76123490342.5381,94867024971.9129
GDP (current US$),NY.GDP.MKTP.CD,Central Europe and the Baltics,CEB,255342985523.694,428597869265.835,1417459171481.04,1463675951157.07,1293469512790.95,1316594480887.55,1461306924995.73,1648634467771.53,1674210532695.96,1665327992740.77,1908002281033.51,1944198197077.57
GDP (current US$),NY.GDP.MKTP.CD,Early-demographic dividend,EAR,1865383681841.56,3440095511579.21,10385185617015.8,10740227594970.9,10216824786817.1,10517811163244,11373004521325.6,11504322295794.5,11743140069332.9,10941489484833.4,12716982787446.9,14148420366433
GDP (current US$),NY.GDP.MKTP.CD,East Asia & Pacific,EAS,4825135527454.89,8377349540465.25,21411260037373,22089565874969.3,21995286337605.6,22775818467016.9,24329068203247.4,26487849774769.5,27032674446875.7,27155249687649.4,31141271720840.7,30712490177155.8
GDP (current US$),NY.GDP.MKTP.CD,East Asia & Pacific (excluding high income),EAP,700806537275.491,1736282412283.76,11870263413707.7,12800321230512.3,13323575118311,13614767442825.3,14881358665109.3,16640611153965.4,17213484850175.7,17487617929386.2,20839170495754.4,21193771562304.2
GDP (current US$),NY.GDP.MKTP.CD,East Asia & Pacific (IDA & IBRD countries),TEA,699931258166.728,1734113865557.17,11855460858548.1,12784356235858.6,13306939164821.9,13597778727368.9,14862792217017.2,16619858519557.6,17192007435430.8,17465796008751.6,20813163295456.1,21167325456079.4
GDP (current US$),NY.GDP.MKTP.CD,Euro area,EMU,5880688023843.26,6495501325013.47,13196005019503.3,13510511024317.1,11676028077021.1,11973070933908.1,12680502706640.5,13699182177638.3,13419058235305.8,13097221769307.9,14685655202079,14135993853097.4
GDP (current US$),NY.GDP.MKTP.CD,Europe & Central Asia,ECS,8844416306688.17,10065921815731.6,23454504187753,23783815080046.5,20480970346558.5,20408422727022.5,21652739213015.3,23188460071899.6,22907909231787.3,22156584402676.9,25324876871395.7,25344209837077.1
GDP (current US$),NY.GDP.MKTP.CD,Europe & Central Asia (excluding high income),ECA,879067803641.86,662865533121.624,4150280509009.24,3845772639012.83,2921672028195.23,2777844494431.75,3118391538150.37,3183375960368.66,3250597309710.46,2991607694833.72,3580124604033.79,4129330109662.66
GDP (current US$),NY.GDP.MKTP.CD,Europe & Central Asia (IDA & IBRD countries),TEC,1004870546469.25,894544565018.176,4915322787867.55,4643909258334.67,3627524552717.48,3485669672370.61,3909241583631.23,4076953150706.89,4159143876282.08,3900173017455.42,4616362221588.67,5189746524698.23
GDP (current US$),NY.GDP.MKTP.CD,European Union,EUU,6497764960998.87,7276390991857.45,15294695568087,15651155752825.7,13553676666875.9,13888512857169,14765543450855,15980992271824.8,15693432719569.6,15381174426002.4,17315218527836.1,16746544871112
GDP (current US$),NY.GDP.MKTP.CD,Fragile and conflict affected situations,FCS,560666457491.649,528316634352.732,1958466454077.53,2080902833468.18,1656886439406.9,1562107520222.84,1654879733871.17,1735106586568.33,1838740662542.85,1666563897599.33,1782595197351.42,1906134056805.45
GDP (current US$),NY.GDP.MKTP.CD,Heavily indebted poor countries (HIPC),HPC,164021216548.024,177609052466.514,678796388932.862,721566723616.047,700456747973.292,734760223878.46,813073071032.465,774573998850.906,802980678249.156,811638956819.199,901695869344.623,980688371242.572
GDP (current US$),NY.GDP.MKTP.CD,High income,HIC,19038584120519.8,27763709846117,50053500714034.2,51135722778258.5,48269197364265.6,49296300074775,51568259173072.6,54836830985504,55313082529074.3,53962245346670.1,60245547578675.2,61729512123777.8
GDP (current US$),NY.GDP.MKTP.CD,IBRD only,IBD,3651722902871,5873696631999.67,26673612339015.9,27568004914940.8,25819766400979.8,26009532000369.7,28726091683851,30560357864180,31223142705198.9,30066587396556.6,35660094024046,37752366428370
GDP (current US$),NY.GDP.MKTP.CD,IDA & IBRD total,IBT,4035818991051.45,6445789744803.7,28739943780302.3,29796533207352.6,27995761337401.7,28205801019225.1,31023477908118.7,32938136046145.4,33691655159935.7,32484256023829.5,38289419290330.6,40573962163607.5
GDP (current US$),NY.GDP.MKTP.CD,IDA blend,IDB,146279086047.285,223926346786.424,1017046114859.84,1104016218004.08,1047797673744.04,978035938194.536,960766047737.056,1049969368721.42,1070881784785.96,1003544540837.38,1097399972030.71,1175091814528.12
GDP (current US$),NY.GDP.MKTP.CD,IDA only,IDX,239664058778.39,349607946078.511,1049285326426.59,1124512074407.76,1126635417997.04,1216619446872.95,1336045725079.54,1327821959509.27,1397275344236.88,1413399718720.79,1533308141491.49,1647744371550.23
GDP (current US$),NY.GDP.MKTP.CD,IDA total,IDA,384692691432.104,572649240694.606,2066331441286.42,2228528292411.84,2174433091741.08,2194655385067.49,2296811772816.6,2377791328230.69,2468157129022.84,2416944259558.17,2630708113522.2,2822821779326.05
GDP (current US$),NY.GDP.MKTP.CD,Late-demographic dividend,LTE,2067772431705.91,3410250640092.45,19041962899425.5,19775920760292.7,18550504676426.9,18593071060820.1,20630645625899.3,22622945177203.9,23047304219392.9,22529291712189.9,26841170398812.4,28075737913541.5
GDP (current US$),NY.GDP.MKTP.CD,Latin America & Caribbean,LCN,1179293266842.22,2326883040769.8,6360884125593.49,6482208032334.84,5420470092541.42,5285689128986.34,5866303818641.23,5742577449796.09,5660897574206.23,4809518812031.76,5553340649720.43,6302490414791.98
GDP (current US$),NY.GDP.MKTP.CD,Latin America & Caribbean (excluding high income),LAC,1034484672147.54,2002282207830.28,5435190412910.42,5456297685293.46,4636644702280.91,4499238665636.1,5012709868269.08,4870478423342.98,4805258641141.59,4051085288658.45,4665360652347.6,5352536850675.35
GDP (current US$),NY.GDP.MKTP.CD,Latin America & the Caribbean (IDA & IBRD countries),TLA,1109458099269.15,2212445482711.99,6148458445163.49,6265139094657.66,5192258651802.86,5051195544946.59,5626747446682.67,5500845963862.16,5409465895796.12,4561170249972.34,5281323492901.43,6001569526439.77
GDP (current US$),NY.GDP.MKTP.CD,Least developed countries: UN classification,LDC,191700221019.705,220650315175.581,917099783543.946,988639082704.282,956013882010.194,998887073702.864,1115958334438.37,1092923916582.43,1153077837159.1,1162717433015.61,1268104292678.22,1427108929198.74
GDP (current US$),NY.GDP.MKTP.CD,Low & middle income,LMY,3845266120208.29,6011297746425.2,27290219800329.3,28219109566497.1,26754191796209.3,26958491510286.9,29635037484743.9,31407572198491.9,32161964423639.4,31016572707353.3,36577654820996,38810361603317.6
GDP (current US$),NY.GDP.MKTP.CD,Low income,LIC,141891372925.96,186809318473.813,418152247677.736,450512676609.597,450746097223.418,446660010134.803,494149568958.349,418173076154.147,445190704320.835,438045256308.089,465047139999.743,528124562231.918
GDP (current US$),NY.GDP.MKTP.CD,Lower middle income,LMC,944173906354.809,1377689290058.75,5604827492999.41,5896070873618.92,5746408702559.69,6004441275215.17,6457236621675.62,6612134450126.96,6884143285710.08,6618962128022.98,7595602780154.06,8171521483867.57
GDP (current US$),NY.GDP.MKTP.CD,Middle East & North Africa,MEA,809958827131.441,1054208747376.3,3581785465156.73,3602485624081.27,3179422260274.85,3213373155791.61,3352266378228.93,3518411932508.69,3522918900764.76,3158039788609.26,3741604188474.67,4426622170626.18
GDP (current US$),NY.GDP.MKTP.CD,Middle East & North Africa (excluding high income),MNA,508430708183.419,536202192461.127,1624047553136.03,1600856726417.67,1439069684819.95,1475844921098.02,1476907774200.84,1401837441904.96,1408624311719.89,1284883935058.67,1501058612658.02,1696713423184.71
GDP (current US$),NY.GDP.MKTP.CD,Middle East & North Africa (IDA & IBRD countries),TMN,504208667612.756,531888592461.127,1610532053136.03,1586867026417.67,1425097284819.95,1460439521098.02,1460779774200.84,1385560841904.96,1391490811719.89,1269352235058.67,1482949612658.02,1677609783946.68
GDP (current US$),NY.GDP.MKTP.CD,Middle income,MIC,3709881094821.91,5830183109530.4,26873320442592,27770661614209.1,26306405505225.5,26514494477467.7,29143948663893,30988164983467.2,31716230149539,30578372789487.2,36110412339698.7,38281934115375.7
GDP (current US$),NY.GDP.MKTP.CD,North America,NAC,6560811991360.99,10999201631931.6,18696254170835,19362844040439.9,19769184098217.1,20230005494907.4,21133744509244.1,22265612481783,23132124767672.5,22723045490000.2,25329679941464.1,27608729369422
GDP (current US$),NY.GDP.MKTP.CD,Not classified,INX,..,..,..,..,..,..,..,..,..,..,..,..
GDP (current US$),NY.GDP.MKTP.CD,OECD members,OED,18856485088343.4,27669612109064.8,49322705153139.4,50329424990157,47447635272040.2,48350692190870,50475936774223.1,53402556614341.3,53912943272767.9,52590370145873.6,58623788402038,59849878381707.5
GDP (current US$),NY.GDP.MKTP.CD,Other small states,OSS,54472367102.5445,91448741120.7644,431963057170.373,446497829205.868,370348122609.664,366414818900.209,399197184232.786,443324754299.418,434461797325.026,378440036056.011,457103617285.36,530807158164.414
GDP (current US$),NY.GDP.MKTP.CD,Pacific island small states,PSS,2354687466.0651,3435656409.26622,8523914644.70586,9263445656.65537,9054326773.27404,9504027215.73989,10256679807.601,10764416947.198,10709524679.9782,9492350931.30444,9500154100.4459,10324332231.7802
GDP (current US$),NY.GDP.MKTP.CD,Post-demographic dividend,PST,18415065842465.4,26398744972704.6,46233111841911.4,47149716647837.7,44580568561930,45583281100458.6,47532077024725.3,50380466224066,50878122051753.5,49740885136767.3,55301094121160.6,56211584699649.4
GDP (current US$),NY.GDP.MKTP.CD,Pre-demographic dividend,PRE,406714861767.161,278338197586.22,1471559782482.3,1562757808863.22,1338986801176.84,1223274837744.55,1302929583567.18,1353328613575.52,1426582966203.49,1309417999889.29,1432814193024.43,1617245641605.59
GDP (current US$),NY.GDP.MKTP.CD,Small states,SST,74904284632.3456,129427285780.109,515843772131.962,532820364281.38,455151461884.525,447159100959.93,483232971475.538,530629968630.175,522425066419.733,453792483117.133,542727261728.344,636018280142.001
GDP (current US$),NY.GDP.MKTP.CD,South Asia,SAS,406989688413.065,647686504213.636,2389729692833,2614764107326.58,2733399604482.97,3010885154564.81,3433943646490.54,3534083235323.88,3658216510053.27,3489923527067.67,4062850047299.39,4390347563465.91
GDP (current US$),NY.GDP.MKTP.CD,South Asia (IDA & IBRD),TSA,406989688413.066,647686504213.635,2389729692833,2614764107326.58,2733399604482.97,3010885154564.81,3433943646490.54,3534083235323.88,3658216510053.27,3489923527067.67,4062850047299.39,4390347563465.91
GDP (current US$),NY.GDP.MKTP.CD,Sub-Saharan Africa,SSF,375056911242.162,424190717152.982,1820439942754.1,1901497484757.43,1701776666914.07,1582166358879.25,1714024580927.1,1780679619928.75,1829596580378.4,1715842671714.98,1931458241338.34,2060531397309.08
GDP (current US$),NY.GDP.MKTP.CD,Sub-Saharan Africa (excluding high income),SSA,374665734140.112,423531573174.739,1819115027569,1900109908307.29,1700385238946.74,1580707404805.94,1712494807453.79,1779091569617.59,1827951489811.35,1714659156400.95,1930171554030.08,2058942959164.7
GDP (current US$),NY.GDP.MKTP.CD,Sub-Saharan Africa (IDA & IBRD countries),TSS,375056911242.162,424190717152.982,1820439942754.1,1901497484757.43,1701776666914.07,1582166358879.25,1714024580927.1,1780679619928.75,1829596580378.4,1715842671714.98,1931458241338.34,2060531397309.08
GDP (current US$),NY.GDP.MKTP.CD,Upper middle income,UMC,2774503891839.95,4452467033101.52,21268492949592.6,21874590740590.2,20559996802665.8,20510053202252.5,22686712042217.4,24376030533340.3,24832086863829,23959410661464.3,28515803406297.6,30110929970107.6
GDP (current US$),NY.GDP.MKTP.CD,World,WLD,22935041260489.8,33898969364125,77714723867935.5,79837156825125.5,75283270551825.6,76518978973625.2,81484101071460.5,86542678179030.6,87777403956321.1,85272676295864.9,97153181162298.7,100879560825388
,,,,,,,,,,,,,,,
,,,,,,,,,,,,,,,
,,,,,,,,,,,,,,,
Data from database: World Development Indicators,,,,,,,,,,,,,,,
Last Updated: 02/21/2024,,,,,,,,,,,,,,,
Code,License Type,Indicator Name,Long definition,Source,Topic,Periodicity,Aggregation method,Statistical concept and methodology,Limitations and exceptions,License URL
NY.GDP.MKTP.CD,CC BY-4.0,GDP (current US$),"GDP at purchaser's prices is the sum of gross value added by all resident producers in the economy plus any product taxes and minus any subsidies not included in the value of the products. It is calculated without making deductions for depreciation of fabricated assets or for depletion and degradation of natural resources. Data are in current U.S. dollars. Dollar figures for GDP are converted from domestic currencies using single year official exchange rates. For a few countries where the official exchange rate does not reflect the rate effectively applied to actual foreign exchange transactions, an alternative conversion factor is used.","World Bank national accounts data, and OECD National Accounts data files.",Economic Policy & Debt: National accounts: US$ at current prices: Aggregate indicators,Annual,Gap-filled total,"Gross domestic product (GDP) represents the sum of value added by all its producers. Value added is the value of the gross output of producers less the value of intermediate goods and services consumed in production, before accounting for consumption of fixed capital in production. The United Nations System of National Accounts calls for value added to be valued at either basic prices (excluding net taxes on products) or producer prices (including net taxes on products paid by producers but excluding sales or value added taxes). Both valuations exclude transport charges that are invoiced separately by producers. Total GDP is measured at purchaser prices. Value added by industry is normally measured at basic prices.","Gross domestic product (GDP), though widely tracked, may not always be the most relevant summary of aggregated economic performance for all economies, especially when production occurs at the expense of consuming capital stock.

While GDP estimates based on the production approach are generally more reliable than estimates compiled from the income or expenditure side, different countries use different definitions, methods, and reporting standards. World Bank staff review the quality of national accounts data and sometimes make adjustments to improve consistency with international guidelines. Nevertheless, significant discrepancies remain between international standards and actual practice. Many statistical offices, especially those in developing countries, face severe limitations in the resources, time, training, and budgets required to produce reliable and comprehensive series of national accounts statistics.

Among the difficulties faced by compilers of national accounts is the extent of unreported economic activity in the informal or secondary economy. In developing countries a large share of agricultural output is either not exchanged (because it is consumed within the household) or not exchanged for money.",https://datacatalog.worldbank.org/public-licenses#cc-by
